homeid,awayid,probabilidade
6366,117198,0.016983298420669545
24749,37687,0.9950141307763067
3065,24749,0.9938169925141495
3053,24749,0.9931926593589495
7040,24749,0.9942307283365054
24749,55603,0.014257629855479246
7040,3065,0.9937104999692028
55603,3065,0.015497363858619566
3065,216878,0.992648462099128
3066,3065,0.993458607602527
3065,44320,0.9923177405655765
3053,3066,0.014260483984540497
3069,3053,0.014213241025877872
216878,3053,0.992715330154543
55603,3053,0.9942211915543427
3053,44320,0.013140807249732388
3053,44355,0.9949359938122208
44355,117198,0.9933686335926295
117198,3069,0.9941766791878456
44320,117198,0.9923213438613397
6414,117198,0.021721487100807176
117198,3066,0.9945422374209647
3066,55603,0.9931988518771471
3066,44320,0.01923061850503675
37687,44320,0.9940714340852373
44320,3069,0.014379630413347753
44320,216878,0.014041782348960155
37687,7040,0.9932971174154241
3069,7040,0.9934723327884094
7040,44355,0.9940623612263516
3066,3069,0.9933930819447245
44355,3066,0.9937680679682173
3069,37687,0.9943183257684116
3069,55603,0.993161083872587
37687,44355,0.9935359631022638
44355,24749,0.01599619598891909
35189,3230,0.9927023701774439
3230,3235,0.016957421384642856
3230,174972,0.9941190932101203
3234,6879,0.013964902023322262
6879,35189,0.014869205990409605
6879,3228,0.01630444535744951
3227,3229,0.01770469123992197
174970,3229,0.994194482299878
3240,3229,0.01780269214696333
3223,174970,0.9924077524831305
3237,3223,0.9916427825550256
3235,3223,0.992644046984284
174972,3223,0.9926827097950215
3228,35189,0.012264940616948019
417775,3240,0.992520456065755
3240,25009,0.017818353298555214
35189,3234,0.9926029692229636
3234,3228,0.9934405823660845
3237,6877,0.9929707502621185
6877,3234,0.9925618809871907
174972,417775,0.9926379071587922
25009,3235,0.994290899366244
4921,36255,0.9936098222074382
4912,4917,0.994453022700992
4917,4905,0.9945072978481178
37090,4909,0.9935979789102697
3211,36839,0.9944280280499318
36839,3207,0.9931475001518599
36833,36839,0.9938817689764949
3204,36839,0.9934129060084322
36839,3217,0.9947459100571591
3215,36839,0.9940730116596287
43741,36839,0.9934923366765609
3216,36839,0.9936761595573712
36839,36837,0.9942444116234732
36839,3206,0.9927276529234541
36839,3210,0.9939116201522694
65676,3204,0.9913013769110346
3212,65676,0.01882493398093615
65676,3209,0.014661459025218041
42338,65676,0.9936476277410182
3205,65676,0.9941371344750128
6074,65676,0.01615008421570251
65676,36836,0.015711446818741932
65676,3208,0.9940961578464541
65676,7629,0.993980789182801
3206,36836,0.9940204056662878
3210,36836,0.9933029462480287
3219,36836,0.9922489872634034
36836,3202,0.9956309421960248
42338,36836,0.9942783265490295
36836,3204,0.9919410663221437
3221,3202,0.9924885146406759
3202,3212,0.01664802743733859
7629,3202,0.9940974255025521
3202,6074,0.9950866222835659
3202,3218,0.9945536905655635
36833,3211,0.9925560867866767
3211,3215,0.9946872502226209
36837,3211,0.017820656678653218
3211,43741,0.9941871463895087
3206,3211,0.9951100774608584
3219,3211,0.017101004138105606
3211,3216,0.993520202438884
3211,3201,0.9930858408152026
3205,3206,0.994851072629911
3206,3208,0.014113631743198754
6074,3206,0.9938591601764614
3206,7629,0.9944090254539154
3218,3206,0.9921777072157486
3207,3206,0.9928621817489992
3215,3206,0.9935704903290482
3206,36833,0.9920589186345027
3206,3217,0.9947139138325991
3204,3207,0.9924030974248302
43741,3207,0.9926947073271988
3207,3210,0.013686593427777762
3207,3219,0.01434626760050986
3210,3209,0.9938961852259671
42338,3210,0.9932017807210484
3205,3210,0.9941171313621395
3210,3208,0.992597347305299
6074,3210,0.9918572986356349
3218,3210,0.9945049320614799
3210,7629,0.015211756855546835
3210,36833,0.9937025956001257
3209,42338,0.992426402920326
3209,3205,0.9929197837464426
7629,3215,0.0149801086836104
7629,43741,0.015410077259807035
7629,3216,0.9948018373103583
3219,7629,0.992895719582918
7629,3201,0.993322455917778
7629,3221,0.017168723688448056
3204,36833,0.9928694046793426
3221,3204,0.01385221833179284
3212,3204,0.016186052763417082
3204,3217,0.9939178430693917
3204,3215,0.9929498114153537
3204,36837,0.9941604944680648
3212,3219,0.013597713120640438
42338,3219,0.014601478873088006
6074,3219,0.9934267765495687
3218,3219,0.9914381588026702
3219,3208,0.9934401192561734
3215,3218,0.9939236502126897
36833,3215,0.9923194451224333
43741,3215,0.9940494925859414
3215,36837,0.016545723672840122
3216,42338,0.9924592321980679
3216,3205,0.9928797847996302
3216,6074,0.0176015141926111
36833,3216,0.9940821325594329
3216,3218,0.019091699143959
36837,3208,0.9941200277291105
3208,3201,0.992633621199999
3212,3208,0.9929544562498539
43741,3205,0.015165171087126925
3221,3205,0.016332828821579277
3205,3212,0.015151557098588713
3205,42338,0.01624134527092107
3218,3217,0.9939158573078727
3217,36833,0.9947518016445591
36837,3217,0.9926954488023982
3217,43741,0.9938944900552734
6074,36837,0.9934106520633079
3218,36837,0.9942732761710034
36837,43741,0.015494741905354492
3221,3212,0.9934279225674615
42338,3212,0.9924964063580475
6074,3212,0.9938571246621949
3201,42338,0.020593062706598494
3201,6074,0.015263824714197622
3201,3218,0.993162488849717
3221,42338,0.01746084641241013
43741,3218,0.9928591453103773
2046,2076,0.9934316781844592
5405,2051,0.993236581152297
2075,2050,0.9927958628541993
4856,2203,0.9920627700262932
2076,2049,0.9928345137087372
2051,2055,0.9918089458176361
2888,2898,0.9941097167826771
364786,43840,0.9938337350597672
3281,3273,0.9926928708727737
3273,5241,0.9926535555178013
275869,3281,0.9918337371832454
36938,288687,0.9929325682930978
5241,275869,0.9951537681713338
5245,3277,0.9933039715264851
3280,288687,0.9917605464194752
3274,3272,0.9926108215998448
3151,3153,0.9943397860072714
3153,5032,0.9942870870870506
3155,5032,0.9928985867241654
3164,3162,0.9941828958344027
3167,7029,0.9935030949994491
3167,33595,0.9943631827028779
5032,3165,0.9952854077787912
3157,3163,0.016225498992923883
3162,7029,0.9925851530733879
3165,3151,0.99368077988539
41537,24156,0.014656533979120975
24156,3376,0.017000863173509132
3376,24156,0.018645911491423257
3362,24156,0.9946234635740638
3370,24156,0.993097039055572
24156,144646,0.994715544830085
24156,34692,0.9933575729651466
3367,66440,0.01792439733282027
66440,49936,0.9935092465134678
3373,66440,0.9925534705342909
66440,3367,0.9936925381886323
41534,66440,0.9942436741329518
3371,66440,0.9939679436434746
24156,66440,0.9949559049976954
66440,3370,0.9933243600175279
66440,3375,0.9943231778463979
34694,3371,0.9931937954032037
3376,3371,0.9939547545563928
3371,71564,0.9932808848235383
3371,34694,0.9927169890159852
41537,3371,0.99287043926535
144646,3371,0.9948186379357025
3371,3376,0.9938567696846564
3371,3370,0.9949359521051723
3373,34692,0.9935252143959266
34692,3373,0.9920529416573253
3373,3362,0.9948701065107904
3376,3373,0.9948445085972374
49936,3373,0.9944281148446973
3373,144646,0.9948099096534735
3373,3367,0.015838769047330316
3375,41537,0.9951990791133383
41537,3370,0.9950865659694286
3370,41537,0.9941194753645517
41537,3375,0.01670719305919663
41537,41534,0.9938519371435279
34692,41534,0.019630575185962666
41534,34692,0.9934092227302546
49936,34692,0.016434931674560876
144646,34692,0.01521508199636633
34692,3367,0.9921922379078609
34692,3362,0.013316466387581362
144646,3367,0.019469403199640866
3362,3367,0.014912098199998105
3367,144646,0.9940741170676192
3367,49936,0.9941579171361619
3375,71564,0.9944908144274369
3376,3375,0.9940856944637548
34694,3375,0.9938320870773576
71564,3375,0.9950734875090919
3375,34694,0.9940255686885522
3375,144646,0.9944107470533553
49936,3362,0.0157038432302501
3362,41534,0.015219994138249881
3370,3362,0.9953851418969314
3362,49936,0.017787268871029906
3370,3376,0.015486292698480075
3370,34694,0.014492651901837806
3370,71564,0.9933549716648925
34694,3370,0.9937965878074994
3370,3375,0.017345566048584192
3376,34694,0.9933646667909436
144646,49936,0.9931794222907498
41534,49936,0.993367994607472
71564,3376,0.01947551108066812
144646,41534,0.9947773383768805
3376,41534,0.9937876501476792
41534,71564,0.9919737145144788
6109,6975,0.9942317806474388
6114,89370,0.9935844921101294
6111,6105,0.99285547789955
1289,1281,0.9946773618824469
1290,1289,0.994418222536056
1289,1284,0.018516217485378118
1301,1289,0.9948984120120783
1284,1289,0.01563945670636866
1289,1285,0.9950997701168732
1289,1284,0.017612973606201572
1285,1301,0.01866475384791977
1285,1290,0.9950328855280224
1290,1285,0.9930637931265437
1301,1285,0.994485964036491
1285,1284,0.9947009351807728
1301,1284,0.9934572650099692
1284,1301,0.01668893812920277
1284,1281,0.9940517846154109
1290,1284,0.015578851077391162
1284,1292,0.01812561024885518
1284,1301,0.9950975336653635
1292,4872,0.9943999139319859
1292,1286,0.9938915130949331
1288,1292,0.9935295713173524
1292,1288,0.9947894763711979
1291,1292,0.992989086332946
1292,1295,0.9947177992119283
1292,1295,0.9934340358945686
1286,1295,0.9951884452371818
1291,1286,0.9934939635877387
1288,1286,0.9940387752977409
1295,1286,0.9931826715748718
4872,1286,0.9931337844996645
1295,1286,0.9939945418459144
1286,4872,0.9926419676304221
1286,1290,0.9953182928441979
4872,1295,0.9943492730305651
1295,4872,0.01988131285878166
1288,1295,0.9935648682048153
1295,1301,0.9919352867068782
4872,1291,0.01447342933054039
1291,4872,0.013685913892222226
1288,4872,0.9937773705620225
4872,1291,0.9935786363647564
1288,1291,0.015929560702004627
1281,1301,0.025770259180125772
1281,1290,0.015456621703669902
1281,1291,0.9937083498877103
1289,1290,0.9933820539946454
39723,5255,0.015237416272652345
5257,319227,0.018972581944196928
134976,21942,0.9935116185287237
5255,171976,0.9942784819320175
6001,403235,0.01814347016930505
676869,5250,0.9939565302970708
5250,21941,0.01648400226426673
241468,5250,0.01672285423011838
676869,134976,0.9933228390625114
17,33,0.9947036622954224
6,44,0.017769164753655038
44,34,0.9958196535378082
42,3,0.9940520470767202
34,33,0.9945801849729875
38,33,0.9936136168753171
24,7,0.9931105628379878
7,38,0.014726352414964563
33,48,0.9936734549090248
34,35,0.994858553789566
35,45,0.9940366908498454
45,263,0.9943525809754084
263,17,0.9948640798480267
1648,1649,0.9931079661444744
1656,1649,0.9948672851350941
1644,1678,0.9956945284913086
1678,1659,0.9935597444210429
1641,1680,0.9942072830620643
1647,1644,0.9951118333746889
1680,1645,0.9930399546728528
1658,1652,0.9942954467955528
6349,3252,0.993913515110503
3251,5062,0.01668548023545021
2672,3006,0.9953929682913117
3006,2672,0.9938067109215059
3006,3305,0.9929558822807171
2817,3006,0.015704002809175225
3305,3006,0.015965306799918373
2692,2686,0.9932774341230493
2697,2793,0.994653467538983
2710,2685,0.9931211500319594
2686,2687,0.9942636545264653
2719,2714,0.9927680229021104
2686,2711,0.9943555346604965
2713,2697,0.015722625065569644
2705,2719,0.9937669882937405
3137,5127,0.9942456006018439
5127,3147,0.019002908435711677
3143,3142,0.016049125493652946
3145,3138,0.01657750077961738
3132,3138,0.994031899049049
21904,21905,0.9921204893841145
3133,3141,0.9935105819235772
3136,21904,0.9932665619284419
2958,2960,0.021910846553100063
90968,322375,0.9939693527530756
5996,607728,0.99317941313732
818704,33001,0.9938022822730002
2312,2311,0.012198535886676716
2308,330527,0.017135038116430384
2305,5281,0.9932254040878674
312410,2307,0.9941548768919161
7031,407335,0.015067733418423641
7922,3121,0.9930102155944771
3121,38732,0.9937907783233552
3121,3125,0.9960435508398053
3122,3121,0.018556177688002273
3108,3121,0.01412711412097006
3117,3121,0.991677066038201
3121,35268,0.01441098166100822
3121,36851,0.9946736595958547
36851,7918,0.016623087237887427
7922,7918,0.9920239123322351
7918,7691,0.9947456187907098
3106,7918,0.014610873352721014
3111,7918,0.994230761642119
4901,7918,0.014317991218458236
3113,7918,0.01521394455430156
7918,7913,0.018922117158738906
7918,3110,0.012665974972855447
3113,7913,0.9936552140869893
3106,7913,0.9945525093637191
7295,7913,0.99320255477586
4901,7913,0.9921955150934134
7913,3125,0.9948630376754606
7913,3111,0.9937052324116518
35268,4901,0.9923372269284018
35268,3125,0.9936694116498676
3117,35268,0.9941225654585696
36851,35268,0.9932145668359983
35268,3108,0.9937411969563958
7922,35268,0.9922665861103217
3110,35268,0.993455951894209
35268,38732,0.993508391869366
35268,3122,0.9923410898242707
4901,3122,0.9928950227154453
4901,3111,0.013745659735625177
7295,4901,0.012492636220389826
4901,3113,0.01565629333020849
7922,4901,0.012778957684531665
4901,36851,0.9925164195681163
3113,3110,0.9939196871202965
3113,38732,0.9941509048847758
36851,3113,0.9930538031216262
3108,3113,0.017147651100512872
3117,3113,0.9934421339211885
3113,7922,0.9925500653158658
3122,7922,0.9932601977245982
38732,7922,0.012794958727902638
36851,7922,0.017013866998112977
7922,3110,0.9944181610156851
7922,7295,0.9939518344169411
3108,3117,0.9949947731322581
7691,3117,0.9929470673895087
3117,3122,0.9945788835798972
3125,3117,0.9938078908824972
38732,3117,0.019805759034726627
3117,3111,0.9934722734801118
3117,7295,0.9936504914462537
36851,3122,0.016793630202153912
3106,36851,0.993916897018331
3110,3125,0.9938487048305743
3106,3110,0.9936975379340195
3110,7295,0.017293069302354355
3111,3110,0.9936136175912742
3122,3110,0.9942536948018192
7295,3111,0.9934209865446088
3111,7691,0.014599972307554351
3111,3122,0.9937789396660192
3111,3125,0.014604794780774494
3122,3108,0.9929647866566327
3122,7918,0.993495633612028
7691,3106,0.9945172491662974
38732,3106,0.9929312368370817
3125,3106,0.01576335901762025
3106,3108,0.013182526474947661
3108,7295,0.015286532825490083
3125,7295,0.016830071187829986
7295,7691,0.9937746930705553
7295,38732,0.9933315650767016
3110,7691,0.9938879485285573
3125,38732,0.9929940203057239
3001,3006,0.9929872206558744
3003,3006,0.9944392273158005
3006,49531,0.013456950978383786
3026,3006,0.9917038915952501
2995,3006,0.9922000127894776
3006,4500,0.9934681732615992
3006,3009,0.9942862153828769
2321,2326,0.9922906656505076
2322,2333,0.9950094714039622
2326,7529,0.9950165467250583
35301,2320,0.9929450641162872
2320,74241,0.994073004648265
2325,35301,0.9923485584770128
2333,2315,0.9949490822929189
212844,2333,0.9944105769514012
2352,2351,0.991989138693168
2359,2351,0.9943019409090222
2351,2352,0.9942421445218055
2352,2346,0.9947492228726543
2349,2352,0.9924749710579456
2352,2353,0.9948315037477908
2365,2352,0.9928017595945821
2356,2352,0.9933207109045906
2355,2352,0.9932956993217066
2349,2351,0.9917809896736417
2398,77981,0.993215691665652
2404,36333,0.9951934245315348
2406,23833,0.992958084889891
7084,7885,0.014307166209191612
77981,25488,0.9943780033120406
7885,36891,0.016218968865213967
7655,760704,0.014795555479168278
7659,7655,0.01273444582073877
7655,475016,0.013489421412837002
7655,70946,0.9943626794883378
7665,43555,0.9941064384271698
760704,7665,0.9923672960977202
7665,276679,0.012642745601076375
7667,7665,0.9937421964815677
7666,7665,0.9937125321898198
7665,367886,0.9936732969661295
43555,7663,0.014370107765976983
70946,43555,0.015193848246522063
367886,43555,0.014951191832324358
7668,276679,0.016646364688853568
7666,7659,0.014796795644085672
7671,7659,0.9931995170477098
7659,760704,0.014949030707565555
7659,7663,0.013344221719992666
475016,7668,0.01771504224996681
7663,475016,0.014144776416819346
475016,7671,0.9938552953985428
7668,70946,0.015414775628134583
70946,367886,0.9930324441293522
760704,7668,0.0130916727368068
7668,7671,0.9932084410148638
7668,7663,0.9935418514734998
7655,7668,0.9933947361821437
7668,7664,0.012672927718388962
7671,7667,0.9931293478839704
760704,7667,0.015704157440792323
7663,7671,0.016071808673964266
7663,367886,0.014289794052040275
7664,7663,0.9923849502990606
7663,7664,0.014644790249716301
7663,7666,0.9934963089065962
2829,2885,0.9940816550572922
2820,2836,0.9926441504363814
2836,2821,0.993428774633475
2826,2825,0.9919841784503352
2821,2849,0.9927157328494507
2885,2828,0.9928741927481565
2833,2816,0.9920334531530157
2824,2820,0.01722385267784182
4488,2859,0.991686697777943
2828,2817,0.9933465900764314
2446,2453,0.9933242562016623
2448,2445,0.02012386752296045
2445,2452,0.9931976115230897
2442,2449,0.9936538186322768
2449,2443,0.9937474017698803
2452,2446,0.01487258751995443
2443,2448,0.9932617316854617
3058,24749,0.014439330757544304
117198,3065,0.017206629973168963
44320,55625,0.9926787921133305
3065,6414,0.994124878814857
55625,3069,0.9926771130522366
216878,44355,0.994103855161351
3230,6879,0.016573504887814713
174972,25009,0.9932485432871538
174970,3235,0.011852260529211242
67966,5225,0.9929621028921826
5971,42210,0.9930519701108749
5966,5970,0.9944111724305152
2946,5966,0.9946839497616137
5970,5966,0.014676881631037999
5971,5966,0.9960730300629007
5966,2945,0.993548905350784
7568,5970,0.018416029913511385
199320,5971,0.019952230511151605
5971,199320,0.9938005270094177
5968,7568,0.9945373235988948
2945,5968,0.9934403095651184
2934,5968,0.9924703960397001
5971,5968,0.9942930725249143
5968,744369,0.9950292482324158
2945,199320,0.9943867700984699
72926,199320,0.014653236492408506
199320,72926,0.9943904554947333
199320,42210,0.018451948520948953
744369,72926,0.9922362938492973
2934,72926,0.014544400628827042
72926,2945,0.01462209474920147
2934,744369,0.9941330847498677
2934,42210,0.9946155950077014
744369,199320,0.9948056936928928
744369,5971,0.9934582199487653
7568,2946,0.9950159140714683
2946,5971,0.9945491059608513
2946,7568,0.9934328910004415
5971,7568,0.9933443803339091
5971,2945,0.9937356958996761
2055,2046,0.9921481809574705
43254,2046,0.9932680476192252
2203,2046,0.014735493921230457
2049,2046,0.9939099100812582
2046,5405,0.9953966326186996
2046,2075,0.9936822707371145
2055,2203,0.9931041839999256
43254,2203,0.01490529098957351
5405,2203,0.9930354977660795
2203,2058,0.9932683165309824
43254,2051,0.9931241178935871
4856,2051,0.0141351183182775
2051,2050,0.9918689234053887
2051,2076,0.9926670194998392
2050,2055,0.9919089845744595
2049,2055,0.9948956441215207
2050,2058,0.9937986488198538
2075,2058,0.9933433755628039
2050,2049,0.9930934635519302
2049,4856,0.9933272010306277
2049,2075,0.017170536603636433
2046,2050,0.015415469213949545
2050,2076,0.01430002708521424
4856,5405,0.9938024154791065
5405,43254,0.017789198867756623
5405,2076,0.9947913390183059
43254,4856,0.99196004561442
2075,43254,0.9933402913178067
2076,4856,0.9932260413440338
2076,2055,0.9942732150367504
4858,2888,0.016085135785240807
2888,4860,0.01762869953044136
2903,2889,0.014788551508162133
2903,4494,0.9931578590835524
2889,4860,0.9925994513959927
4860,2900,0.014641202357388744
4860,2903,0.01295305889505378
5044,2900,0.015619336920515163
2889,5044,0.9953048559721412
2889,2898,0.9933766079475665
2900,2901,0.9924866141841567
3277,43840,0.9942758291457897
43840,5245,0.995386441316191
43840,364786,0.994268863580914
43840,3275,0.9918767462448144
3275,3280,0.9910619918207797
3272,3280,0.9944058127559334
5241,3280,0.9929658063773713
36938,3280,0.018931090310147933
3280,3281,0.013945352518450154
275869,3273,0.016913364953867617
364786,3273,0.013282744371078768
3273,36938,0.018041424882328162
3273,5245,0.9933188351409628
3274,5241,0.014774652142154183
5241,36938,0.9947582248002099
288687,5245,0.013928583927293646
3281,5245,0.9928763941399451
5245,3275,0.9923718140431168
3277,288687,0.9932552314453402
3275,288687,0.016147179045470108
364786,3275,0.9927091723201823
3275,3277,0.9927154132512066
36938,3281,0.015414402165304068
3281,3275,0.015832730985909652
3277,364786,0.9911889778993361
3275,364786,0.9932918284350443
364786,275869,0.9923648985200624
36938,275869,0.014300307103034504
5031,3155,0.9936033988190355
33595,3164,0.9957481006605221
48242,3161,0.9952674230799864
6118,6115,0.9921141201398425
6115,6105,0.9923937728950324
6115,39866,0.9928136094627789
6115,6112,0.9911060552612625
6114,6106,0.991497074158639
6113,6106,0.015485621328881385
6117,6106,0.9927624031030426
6106,89376,0.01515774463041728
6106,89156,0.017533010259576497
6106,6111,0.014704945365264323
89376,6103,0.014653026123100753
6111,6103,0.993605156018108
6102,6103,0.9934446156209433
6103,6114,0.9931529817580831
6103,6113,0.015672162532117166
6117,39866,0.015126996055710341
6114,6117,0.012088100423770154
6117,48244,0.9932865207914062
6117,89376,0.01887441460108773
6116,6105,0.991861926790955
6105,6102,0.014067046809430828
6105,48244,0.9921610195949492
89370,6111,0.9934903988113225
6111,6116,0.9936699671230507
6111,89376,0.9933816197387366
6102,6975,0.9917675666599514
61504,6975,0.015708993301002838
6102,6116,0.9922243094174283
39866,6116,0.9936630315608302
89376,6114,0.9929314099248272
6114,6112,0.013967423212499623
39866,6102,0.9919995541663594
6113,6112,0.9921670594950881
6112,89156,0.9923318835510981
6112,6109,0.014235631817678122
89156,39866,0.014885893897314009
89156,89370,0.9947732482808856
48244,61504,0.016694702057487836
39866,61504,0.01440747338000456
89370,61504,0.9940378205961679
61504,6118,0.015941380120037776
61504,6109,0.9952601544319954
89376,6113,0.016205873321551573
6113,89370,0.9914189090844882
2208,2220,0.9945107372141112
1284,1286,0.9938509017997534
1290,1284,0.9925852061792303
1285,1284,0.017734477764265677
1281,1284,0.9926385195385644
1284,1291,0.9923529953944716
1284,4872,0.9935926303285538
1284,1288,0.9939217044307986
1290,4872,0.015206283364091635
1295,1290,0.9934000255932292
1292,1290,0.9929095014183992
1281,1290,0.9931815952586641
1286,1289,0.9933610413291042
1291,1289,0.9929903682899448
1301,1289,0.9937018019737364
1289,1281,0.9934462913945014
1289,1295,0.9945235430753436
1301,1288,0.019584933190714835
1292,1281,0.9944271035392463
1301,1281,0.9922633131896097
1281,1301,0.0177257767095061
1285,4872,0.9949666967397767
1301,4872,0.994576132597233
4872,1295,0.9929355207080341
4872,1292,0.9941747653417033
4872,1285,0.9941940766625159
1292,1301,0.017859188466667578
1301,1291,0.014261288844285779
1291,1285,0.9958540331500396
1292,1285,0.9941349850580079
1285,1286,0.9934759189136686
1285,1292,0.9951211976654374
1286,1291,0.015183072014850344
1286,1292,0.9940508741792982
1295,1284,0.9926468906683557
44,263,0.994751336389791
7,44,0.9940038981001451
38,44,0.9945115077731982
31,44,0.016352422862416872
44,31,0.9949978972842933
44,50,0.9954614754263683
33,3,0.9946152751344938
33,45,0.9946630360851487
30,38,0.9928388104421019
17,38,0.017452857960852816
40,38,0.9929074573231554
38,30,0.9940638565571495
38,48,0.994527423544561
6,17,0.9937239853430804
45,17,0.9939596593253679
17,31,0.9961676789366974
17,34,0.9961794714424123
263,42,0.9942310740618345
34,42,0.9952417954585956
42,50,0.9944779739092786
42,6,0.019364607284497917
263,7,0.9923965479805067
30,7,0.9925774475406419
7,37,0.9946808445939266
6,35,0.9937330297772536
40,35,0.9954382695415414
39,35,0.9934392881200194
35,37,0.014884476315791987
6,31,0.9926138112748216
3,31,0.993781591583967
31,30,0.9943360723245539
31,33,0.9957231297035805
37,39,0.993099851393312
24,37,0.9941842291872551
37,24,0.015561958354502206
37,34,0.9936729806651983
39,40,0.013018985232662362
48,40,0.012871872058401413
40,24,0.0177120042954671
50,40,0.9928254234363327
39,3,0.016520105564077247
39,48,0.9940856675961877
39,24,0.9930954384364482
3,45,0.9938485799830546
37,45,0.9940910180454275
45,50,0.9941259336135095
48,34,0.9931958682776516
24,30,0.992944628077891
24,33,0.01985376412040949
30,6,0.9928455488582096
34,6,0.9933975255810537
263,48,0.9929589351976985
48,30,0.9942385209780008
1644,1658,0.015462015658913133
1680,1658,0.9926484796546294
1648,1658,0.016371796389466352
1658,1715,0.9934087641871714
1658,1661,0.9950454381999534
1642,1643,0.019009439926847713
1715,1643,0.9939473851891034
1645,1643,0.9931671836775403
1643,1644,0.9948111876443054
1652,1641,0.9924870757236327
1715,1652,0.9929946852784771
1684,1652,0.9932020192619034
1652,1651,0.014358289907633177
1652,1649,0.016594846499301177
1651,1641,0.9939230907709451
1648,1641,0.9943598131986477
1641,1684,0.9945095850521791
1659,1647,0.014425935562533923
1661,1647,0.9940308903106917
1678,1647,0.015803154073819627
1647,1656,0.9941088028825666
1647,1653,0.014711648228490776
1642,1653,0.9954056765344188
1653,1656,0.014096110900554267
1653,1649,0.9932739486010325
1653,1680,0.993663221254918
1653,1658,0.99391620631828
1684,1659,0.013639690709070437
1645,1659,0.9943242772217186
1680,1659,0.9932760455552597
1659,1641,0.9932639968206441
1656,1642,0.017403613418479836
1649,1644,0.9928103785084483
1644,1682,0.9949906867753114
1644,1715,0.9953954646775374
1682,1715,0.9917050821914358
1682,1651,0.015944870324114357
1661,1684,0.01585492531828473
1649,1661,0.9938476230239592
1651,1661,0.9924492868760614
1661,1680,0.016945708780857126
1661,1648,0.9939523407889808
1649,1684,0.9945887092469943
1643,1649,0.012830410491641684
1649,1678,0.015108582331856869
1678,1648,0.9933041344499446
1678,1642,0.9942940914478217
1715,1642,0.9936205087871293
1680,1678,0.9921211338409872
1684,1678,0.01615060006799357
1684,1680,0.01819455312609567
1642,1684,0.9944767547812239
1645,1641,0.016531107831780596
1649,1651,0.9932128717152734
1651,1659,0.9935345885116236
2672,36360,0.9947817883406842
2677,36360,0.9941153568317024
36360,2524,0.9923676563044487
2542,2672,0.9940530376508045
2528,2672,0.9961409677291347
2671,2672,0.994940932935116
2672,2527,0.9949029964211277
2671,2538,0.015083335299543803
2673,2538,0.9947594118437624
2547,2538,0.014347409895850328
2538,2556,0.993113039863026
2538,2677,0.9926188451914492
2538,2540,0.9936735155335883
2547,2673,0.9931174620354434
2569,2673,0.9927969349632856
2673,2681,0.9947891794298612
2673,2551,0.9936049542229223
2527,2681,0.9953725243730674
2681,2677,0.9940411973914948
2681,2600,0.995898981316093
2681,2547,0.9955796690714759
2569,2600,0.9936443774441344
2551,2600,0.015750739113859106
2600,2547,0.9939760802516006
2600,2674,0.9936433610405935
2556,2569,0.9931842003009189
2547,2569,0.9933996294063344
2569,2540,0.9940164732126684
2674,2524,0.991871141764101
2674,2673,0.9951588382812916
2542,2671,0.9926612888328759
2528,2671,0.9944077418719217
2671,2677,0.013507875442410966
2540,2527,0.9936712912132467
2569,2527,0.9944831588797951
2527,2547,0.993551893205695
2551,2556,0.9928616590927719
2556,2542,0.015861231109182156
2556,2528,0.9944016364005849
2528,2542,0.9922913446423504
2540,2542,0.9928515322403128
2542,2524,0.015822669163193494
2524,2551,0.994239593674445
2524,2528,0.013968028172326095
2524,2671,0.9941587680474028
2540,2551,0.9926150088350576
2551,2528,0.9947046162726172
3249,3245,0.993738746961902
3251,3245,0.9937003079054465
3248,3245,0.012335429930330277
3245,3250,0.017905570629765305
3251,3248,0.9921209364082584
3248,120154,0.9929851109863966
7004,3252,0.9931421176340701
6988,3252,0.01379423557344309
3252,3251,0.014514962752090972
3252,373128,0.9935133823994179
6988,3251,0.9940993502921776
3251,3241,0.9931800647394861
3241,7004,0.9949834500779803
7004,6349,0.012647075587797143
3249,5062,0.9926003156512168
6349,5062,0.9934331094339904
5062,120154,0.9939226241155007
373128,3249,0.9952151536527657
6349,3249,0.01690673520702014
120154,3241,0.9931661440065409
3241,6349,0.9935473207362459
6342,6349,0.9922870624927059
6342,6988,0.015251816661316869
6342,373128,0.019600499747068734
3250,6349,0.9927457546976046
6349,6988,0.9928172819730485
3252,3250,0.994150922166965
373128,3251,0.9956310451323187
373128,6988,0.01615973157339668
2705,2702,0.9941963213140077
2702,2719,0.015718245645893147
2711,2793,0.9951865730155841
2696,2793,0.9919614301689463
2793,2701,0.9948806526133239
2793,2713,0.994439017138813
2793,2685,0.99458095326625
2687,2696,0.9931869096065402
2692,2687,0.015252128881980851
2685,2687,0.9943287238911765
2687,2701,0.9939162893354935
2687,2695,0.9939703797403656
2685,2714,0.993763112552617
2714,2711,0.018184790131702874
2714,2735,0.016533208779116418
2705,2692,0.995027777041346
2692,2711,0.01714043859101808
2692,2735,0.9951173039149328
2693,2686,0.013536795790299328
2735,2693,0.9925084685459452
2696,2693,0.9939325760698136
2701,2693,0.9919663821447711
2693,2713,0.9957086659518877
2710,2699,0.9935769346646446
2697,2699,0.9943661809887564
2699,2685,0.9940147392560519
2699,2686,0.01490022456883665
2699,2705,0.9945457553606156
2701,2695,0.9941975983581735
2695,2686,0.9954832572520356
2686,2697,0.018056611539463762
2710,2697,0.9945635816477458
2697,2688,0.9948519201114459
2701,2685,0.992932713735955
2713,2686,0.013390265550982527
2713,2710,0.9931288967728701
2713,2735,0.017716390882956012
2711,2696,0.994919505011223
2719,2685,0.9920356973074842
2685,2705,0.014924480809844102
2710,2735,0.9932108385237475
2693,2710,0.9947051600316417
2688,2705,0.9933783364888942
2711,2688,0.9933621650036705
502940,502938,0.9918723154665668
124528,173722,0.9931330078030874
3137,3141,0.9945174648465025
626766,55047,0.016183231294653586
87180,55043,0.9950819920236951
55035,626766,0.9928464933530223
2958,2952,0.9953241740924573
2951,2952,0.013113922188361856
2956,2952,0.9959461757925063
2952,2950,0.9928301216625836
2948,2953,0.9921788258628976
2953,2950,0.9925946300428208
2961,2955,0.015071555550546676
2951,2979,0.994117687469919
2977,2979,0.9933461093072469
2979,2956,0.9932004857112895
2950,2977,0.993478998728084
2950,2970,0.019069287078674824
2977,2951,0.9943233998329966
2959,2960,0.9933791133715928
2959,2958,0.014771282808685284
2959,2953,0.9912653829856759
2970,2960,0.9939493426567644
2964,2960,0.017899854700205345
2961,2960,0.9927562546586278
2960,2948,0.9940572702880894
2960,2956,0.9937890429393718
2962,2977,0.015482959493557692
2961,2956,0.993431726243414
2956,2957,0.9938351401036789
2957,2964,0.99302121256243
2964,2971,0.018908708254960493
2957,2948,0.993913907813303
2971,2957,0.01792241878251395
2971,2962,0.9929773922925216
2962,2952,0.9946859730082297
2958,2971,0.017508068115222108
2958,2977,0.9936310192538693
2971,2961,0.9925144234146838
168800,168802,0.9935836466328472
312000,312014,0.9935868909647637
5996,818704,0.018841527101936734
5991,5994,0.991747464433705
33001,5991,0.9941371644284663
5991,607728,0.996011043142021
322375,5997,0.9935281145648729
5994,90968,0.9954771618566962
818704,5999,0.9935151821164782
5999,5989,0.9923931318501444
322375,5994,0.014333055194872225
5994,36439,0.016239423821911934
36439,33001,0.013467609308901977
5989,607728,0.9929864234721644
87854,2312,0.9941805607531973
3113,3106,0.9932744385194354
3122,3106,0.01524107866089324
4901,3106,0.015458329477399136
3106,7295,0.9938674099444433
7295,35268,0.014529154220313784
35268,3111,0.99397823354074
35268,7691,0.9945837031757727
35268,3110,0.9934744512890562
3108,7918,0.9922266332550884
7295,7918,0.9925913345831466
7918,38732,0.9927593131497661
7918,36851,0.993078575432054
7918,7922,0.013688680686233946
3122,7913,0.017476473778836567
3110,3117,0.9921286975420597
36851,3117,0.9941783594101744
3117,7922,0.9919373406600309
7913,3121,0.01825891838384272
3121,3110,0.9942031560871146
7922,3125,0.9927736236376585
7922,3108,0.9930861887297341
3125,3113,0.9936647115661542
3106,3113,0.9948196352501646
3111,36851,0.9940018447407432
38732,36851,0.017461081640148483
36851,7691,0.9929776477636825
3117,7913,0.9933604873056142
7913,7691,0.9942460776545571
38732,3110,0.9942479544993843
3110,3108,0.9945576877779841
7691,3125,0.992297081946528
3108,4901,0.9920887628661038
3122,4901,0.9938825877037496
3111,4901,0.0164473593707642
4901,3125,0.9936130368124221
3111,38732,0.01488590407873899
3125,3110,0.9944418678533835
4500,3002,0.9934645911344634
3002,3007,0.9922523349606392
3004,3001,0.9921700245539662
5136,3001,0.9930988899437492
3001,49531,0.9927098046199232
3001,2999,0.9926286036368754
3003,3026,0.993516070126909
3003,2995,0.9939939257338266
3003,3011,0.9927455632635327
25777,3006,0.9914213527481026
3006,3011,0.9928424395416398
3006,3010,0.9941915136555564
3006,3014,0.9924742194358174
25777,2999,0.9933535433490055
2999,3014,0.9926835102624312
2999,3007,0.01630691915186411
3011,2995,0.9933786640795769
2995,38396,0.9918979739542463
5136,3009,0.9945165690554973
3026,3009,0.9935771216758881
3009,4500,0.99450805461292
3009,2995,0.9916164994719032
49531,25777,0.012845981600113772
4500,25777,0.9932621578952876
3011,38396,0.9946564060566442
38396,5136,0.9943570832006599
49531,3004,0.015107375352152771
3026,3007,0.9939843922258375
4500,38396,0.01589459277752789
38396,3014,0.993220756270948
3014,4500,0.015961885657593492
23575,5287,0.9943008575523353
3301,5287,0.9943997012681752
5287,221210,0.018340858399653277
5287,24798,0.9932724782644177
276385,116223,0.9946342842581152
24798,276385,0.016642162021138645
44255,3302,0.018611123006486416
23575,3302,0.9920764083091155
221210,24789,0.9931993047337805
44255,221210,0.9929799358189443
515142,116221,0.012925624319269503
3301,56127,0.9941266835132658
56127,116221,0.9936854606709326
56127,7731,0.013418851494168996
24798,7731,0.01325353297894513
24798,3292,0.9938279267906397
3294,44255,0.9935419025857377
3294,515142,0.9958927770455076
56127,44255,0.01373793632710096
44255,23575,0.9936774334221837
23575,116223,0.9913252313876912
2322,2325,0.022326812201911402
2334,2325,0.9955421111056347
2333,2325,0.020569913952161123
7529,2325,0.016469188633194746
2325,2321,0.9935659962466383
35301,2321,0.9939898459099756
2321,2315,0.9951463457930094
2323,2315,0.9932440537917521
2315,35301,0.9949949278627364
2315,34425,0.016457880709274838
35301,2334,0.9940231362885573
2320,2334,0.9925966425489661
34425,212844,0.01667158623840665
2338,34425,0.9954124370302568
212844,34425,0.995003882437399
34425,2323,0.9933686044982232
34425,74241,0.9942026235217608
212844,2322,0.01545617265266236
5131,2338,0.9947563776330056
74241,5131,0.014276854806187799
2338,5131,0.9923576142531018
2325,2322,0.9950942116022055
2315,2322,0.019098251625776268
2322,7529,0.9936450244150778
2323,2326,0.9930104957660072
2334,2326,0.9932659269531207
2326,74241,0.9944746266770768
2326,2333,0.9952696097156525
2322,2338,0.993317494804027
2338,7529,0.01629164152643107
7529,35301,0.992599161254054
74241,2333,0.9930586379417271
74241,7529,0.016640361929391775
2333,212844,0.017978083517608393
2346,2352,0.9930065115786705
2353,2352,0.9929250051425716
2352,2351,0.9935059697440259
2351,2353,0.9948406709630697
2354,2353,0.015115204420141585
25736,37130,0.9927012054228674
2402,2404,0.9946804025419005
7084,2404,0.993920648951946
2404,23833,0.015054633655018107
2404,36891,0.9943514596615112
36891,2398,0.9937254145340402
2398,2402,0.9937980709518129
2398,23833,0.014269526515359203
7885,2397,0.9931415522935331
2397,7084,0.9934727406243566
36333,25488,0.0127039348892075
2402,25488,0.9935758745446714
25488,36891,0.9940645667206056
36891,77981,0.994083004281633
77981,7084,0.993454611350387
7084,2406,0.016345799009579928
23833,77981,0.9945927977656553
23833,36333,0.01489109144390394
77981,36333,0.014536136286630284
36333,2402,0.9927597851811959
36333,7084,0.9932344298906964
77981,2402,0.9950004888900795
2402,2406,0.015249286574018967
362744,2417,0.9929613981098715
276679,7663,0.014998958324390247
7671,7665,0.015700376044533528
7667,7663,0.9936118286608704
7663,7668,0.9922957772454949
43555,7668,0.9913050071408683
7664,7668,0.014552242827459335
7668,367886,0.9925627680987869
367886,7655,0.016304675517815306
7666,70946,0.9929447400076348
475016,7667,0.01710330095948521
7668,475016,0.9933741090997152
475016,70946,0.9934144510706441
475016,276679,0.9941412923559799
2817,2846,0.9941032144597675
2817,2816,0.015564927153856867
33779,2836,0.9938124272066304
2836,2849,0.014228762182274446
2836,2859,0.9937668000396394
2836,2828,0.9938379399531376
2819,2829,0.018628949413465788
2859,2829,0.015507689182028177
2825,2829,0.9939152107124676
2829,33779,0.02073589230003078
2829,2846,0.9950200018319146
2829,2828,0.9949088704866534
2825,2824,0.9931701314972836
2828,2824,0.013631695778500258
2885,2824,0.9920043671571671
2824,2859,0.015718920790134542
2824,2821,0.013212384085753532
2818,2825,0.01573722488372172
2885,2825,0.012543939620366318
2825,2814,0.9923105455330732
2816,2826,0.9936177476391438
2825,2816,0.9943562648839045
2816,2819,0.9925004385044036
2816,2885,0.9932183496522555
33779,2819,0.9942621543327103
2846,2819,0.013856601909449841
2819,2849,0.9941293467196983
2820,2833,0.016395858682372044
2833,2846,0.9932908990010282
2833,2821,0.9924884184911446
2833,2859,0.014498738664335436
2826,4488,0.9938309997411844
2849,4488,0.9928053467945737
2820,4488,0.9923890526955225
4488,2821,0.013629628081239012
4488,2814,0.9943177969101562
4488,2833,0.016512084215961183
2859,2849,0.9936789190383375
2814,2846,0.9921595016362349
2859,33779,0.9930485486302261
2846,2818,0.992636353019522
2846,2885,0.9927008496533513
2818,2820,0.992434599922642
33779,2820,0.9929292551940694
2816,2821,0.9938859849825098
2836,2818,0.9919527291775359
2819,2818,0.9947198861239925
2826,2817,0.014931915537454623
2450,2442,0.9941366409373465
2442,2448,0.994534856715395
2442,2445,0.9945409976780075
2450,2443,0.9940948288910902
2445,2443,0.013624138408273402
2443,2453,0.9930203449119389
2443,2445,0.9936891783313125
2452,2450,0.992002447485082
2450,2448,0.013850735056162257
2445,2501,0.9941294162946657
2501,2446,0.9925955892441297
2448,2453,0.993640322283243
2448,2446,0.014237480288052272
2453,2452,0.015743044853143557
2453,2448,0.993413140193108
2449,2445,0.9927761363824105
2452,2446,0.9932146016216834
44355,44320,0.9933138501163862
3055,44320,0.015291369021085431
44320,55603,0.9928161064085386
3069,3058,0.014250812590881753
3103,3058,0.9932029138559499
3058,7040,0.9946390731888591
3058,216878,0.016104855551699854
3058,55625,0.017806111033058916
117198,24749,0.9924377825335908
37687,24749,0.9941165256905496
24749,3066,0.99534651863284
24749,6366,0.9933718299935286
3103,6366,0.9927114618633404
6366,3053,0.9942690841617996
6366,7040,0.015924312866015863
3065,3103,0.9929183777998855
6414,3103,0.993921808815873
3103,117198,0.014012965845709708
117198,216878,0.016783766322688687
216878,7802,0.9951335608867723
216878,3066,0.9930199419117666
3066,55625,0.01564697609522033
55625,55603,0.9931301563618607
55625,3065,0.016745492946198443
3066,6414,0.9944582907404157
55603,44355,0.992855685708134
44355,3055,0.01456992801102509
7802,3069,0.9947008811198375
37687,3065,0.9926910053840953
3065,55603,0.9932792233650652
37687,3053,0.9938694523092977
3053,3055,0.9928014570623777
3053,117198,0.9938468185720846
7040,3055,0.9938482667884034
3055,55603,0.014472697732775286
3055,216878,0.9939134331192244
6414,3069,0.014363056827269833
117198,37687,0.9923892251229331
117198,55603,0.993394332368739
6414,37687,0.013770756631901426
3229,6879,0.9938734016069234
3223,3227,0.014763820138038642
37090,4912,0.9931892986613289
4921,4912,0.9934145364085414
2672,2600,0.017334346719139356
263,37,0.9941276889464983
1680,1642,0.9927508454116637
2828,2816,0.9937882787096606
